{
    "random-test-w": 0.06208442150072557,
    "random-test-d": 0.042480695175305956
}