{}    "random-test-d": 0.009691264310815507,
    "random-test-w": 0.10779551040190209
}