{
    "random-test-w": 0.11704222420627942,
    "random-test-d": 0.007114933768825969
}