{
    "random-test-d": 0.012856936631786936
}   "random-test-d": 0.007114933768825969
}