{
    "random-test-w": 0.11677633005443132,
    "random-test-d": 0.007114933768825969
}